price,area,bedrooms,bathrooms,stories,mainroad,guestroom,basement,hotwaterheating,airconditioning,parking,prefarea,furnishingstatus,state,city,locality,latitude,longitude
13300000,7420,4,2,3,yes,no,no,no,yes,2,yes,furnished,Maharashtra,Mumbai,Andheri East,19.1136,72.8697
12250000,8960,4,4,4,yes,no,no,no,yes,3,no,furnished,Maharashtra,Pune,Wakad,18.5996,73.7603
12250000,9960,3,2,2,yes,no,yes,no,no,2,yes,semi-furnished,Karnataka,Bangalore,Whitefield,12.9698,77.75
12215000,7500,4,2,2,yes,no,yes,no,yes,3,yes,furnished,Delhi,New Delhi,Dwarka,28.5921,77.046
11410000,7420,4,1,2,yes,yes,yes,no,yes,2,no,furnished,Telangana,Hyderabad,Gachibowli,17.4401,78.3489
10850000,7500,3,3,1,yes,no,yes,no,yes,2,yes,semi-furnished,Tamil Nadu,Chennai,Velachery,12.9756,80.2214
10150000,8580,4,3,4,yes,no,no,no,yes,2,yes,semi-furnished,West Bengal,Kolkata,Salt Lake,22.5867,88.417
10150000,16200,5,3,2,yes,no,no,no,no,0,no,unfurnished,Gujarat,Ahmedabad,Navrangpura,23.03,72.58
9870000,8100,4,1,2,yes,yes,yes,no,yes,2,yes,furnished,Rajasthan,Jaipur,Malviya Nagar,26.853,75.805
9800000,5750,3,2,4,yes,yes,no,no,yes,1,yes,unfurnished,Madhya Pradesh,Indore,Vijay Nagar,22.7533,75.8937
9800000,13200,3,1,2,yes,no,yes,no,yes,2,yes,furnished,Uttar Pradesh,Noida,Sector 62,28.6304,77.3722
9681000,6000,4,3,2,yes,yes,yes,yes,no,2,no,semi-furnished,Haryana,Gurugram,DLF Phase 3,28.4972,77.088
9310000,6550,4,2,2,yes,no,no,no,yes,1,yes,semi-furnished,Punjab,Chandigarh,Sector 22,30.7333,76.7794
9240000,3500,4,2,2,yes,no,no,yes,no,2,no,furnished,Uttarakhand,Dehradun,Rajpur Road,30.3256,78.0437
9240000,7800,3,2,2,yes,no,no,no,no,0,yes,semi-furnished,Uttar Pradesh,Lucknow,Gomti Nagar,26.8467,80.9462
9100000,6000,4,1,2,yes,no,yes,no,no,2,no,semi-furnished,Bihar,Patna,Boring Road,25.5941,85.1376
9100000,6600,4,2,2,yes,yes,yes,no,yes,1,yes,unfurnished,Jharkhand,Ranchi,Morabadi,23.3441,85.3096
8960000,8500,3,2,4,yes,no,no,no,yes,2,no,furnished,Odisha,Bhubaneswar,Patia,20.2961,85.8245
8890000,4600,3,2,2,yes,yes,no,no,yes,2,no,furnished,Andhra Pradesh,Visakhapatnam,MVP Colony,17.6868,83.2185
8855000,6420,3,2,2,yes,no,no,no,yes,1,yes,semi-furnished,Chhattisgarh,Raipur,Shankar Nagar,21.2514,81.6296
8750000,4320,3,1,2,yes,no,yes,yes,no,2,no,semi-furnished,Kerala,Kochi,Kakkanad,9.9312,76.2673
8680000,7155,3,2,1,yes,yes,yes,no,yes,2,no,unfurnished,Kerala,Thiruvananthapuram,Technopark,8.5241,76.9366
8645000,8050,3,1,1,yes,yes,yes,no,yes,1,no,furnished,Tamil Nadu,Coimbatore,RS Puram,11.0168,76.9558
8645000,4560,3,2,2,yes,yes,yes,no,yes,1,no,furnished,Tamil Nadu,Madurai,Anna Nagar,9.9252,78.1198
8575000,8800,3,2,2,yes,no,no,no,yes,2,no,furnished,Telangana,Warangal,Hanamkonda,17.9784,79.6002
8540000,6540,4,2,2,yes,yes,yes,no,yes,2,yes,furnished,Andhra Pradesh,Vijayawada,Benz Circle,16.5062,80.648
8463000,6000,3,2,4,yes,yes,yes,no,yes,0,yes,semi-furnished,Punjab,Ludhiana,Model Town,30.9009,75.8573
8400000,8875,3,1,1,yes,no,no,no,no,1,no,semi-furnished,Assam,Guwahati,Dispur,26.1445,91.7362
8400000,7950,5,2,2,yes,no,yes,yes,no,2,no,unfurnished,Jammu & Kashmir,Srinagar,Rajbagh,34.0837,74.7973
8400000,5500,4,2,2,yes,no,yes,no,yes,1,yes,semi-furnished,Himachal Pradesh,Shimla,Mall Road,31.1048,77.1734
8400000,7475,3,2,4,yes,no,no,no,yes,2,no,unfurnished,Maharashtra,Mumbai,Andheri East,19.1136,72.8697
8400000,7000,3,1,4,yes,no,no,no,yes,2,no,semi-furnished,Maharashtra,Pune,Wakad,18.5996,73.7603
8295000,4880,4,2,2,yes,no,no,no,yes,1,yes,furnished,Karnataka,Bangalore,Whitefield,12.9698,77.75
8190000,5960,3,3,2,yes,yes,yes,no,no,1,no,unfurnished,Delhi,New Delhi,Dwarka,28.5921,77.046
8120000,6840,5,1,2,yes,yes,yes,no,yes,1,no,furnished,Telangana,Hyderabad,Gachibowli,17.4401,78.3489
8080940,7000,3,2,4,yes,no,no,no,yes,2,no,furnished,Tamil Nadu,Chennai,Velachery,12.9756,80.2214
8043000,7482,3,2,3,yes,no,no,yes,no,1,yes,furnished,West Bengal,Kolkata,Salt Lake,22.5867,88.417
7980000,9000,4,2,4,yes,no,no,no,yes,2,no,furnished,Gujarat,Ahmedabad,Navrangpura,23.03,72.58
7962500,6000,3,1,4,yes,yes,no,no,yes,2,no,unfurnished,Rajasthan,Jaipur,Malviya Nagar,26.853,75.805
7910000,6000,4,2,4,yes,no,no,no,yes,1,no,semi-furnished,Madhya Pradesh,Indore,Vijay Nagar,22.7533,75.8937
7875000,6550,3,1,2,yes,no,yes,no,yes,0,yes,furnished,Uttar Pradesh,Noida,Sector 62,28.6304,77.3722
7840000,6360,3,2,4,yes,no,no,no,yes,0,yes,furnished,Haryana,Gurugram,DLF Phase 3,28.4972,77.088
7700000,6480,3,2,4,yes,no,no,no,yes,2,no,unfurnished,Punjab,Chandigarh,Sector 22,30.7333,76.7794
7700000,6000,4,2,4,yes,no,no,no,no,2,no,semi-furnished,Uttarakhand,Dehradun,Rajpur Road,30.3256,78.0437
7560000,6000,4,2,4,yes,no,no,no,yes,1,no,furnished,Uttar Pradesh,Lucknow,Gomti Nagar,26.8467,80.9462
7560000,6000,3,2,3,yes,no,no,no,yes,0,no,semi-furnished,Bihar,Patna,Boring Road,25.5941,85.1376
7525000,6000,3,2,4,yes,no,no,no,yes,1,no,furnished,Jharkhand,Ranchi,Morabadi,23.3441,85.3096
7490000,6600,3,1,4,yes,no,no,no,yes,3,yes,furnished,Odisha,Bhubaneswar,Patia,20.2961,85.8245
7455000,4300,3,2,2,yes,no,yes,no,no,1,no,unfurnished,Andhra Pradesh,Visakhapatnam,MVP Colony,17.6868,83.2185
7420000,7440,3,2,1,yes,yes,yes,no,yes,0,yes,semi-furnished,Chhattisgarh,Raipur,Shankar Nagar,21.2514,81.6296
7420000,7440,3,2,4,yes,no,no,no,no,1,yes,unfurnished,Kerala,Kochi,Kakkanad,9.9312,76.2673
7420000,6325,3,1,4,yes,no,no,no,yes,1,no,unfurnished,Kerala,Thiruvananthapuram,Technopark,8.5241,76.9366
7350000,6000,4,2,4,yes,yes,no,no,yes,1,no,furnished,Tamil Nadu,Coimbatore,RS Puram,11.0168,76.9558
7350000,5150,3,2,4,yes,no,no,no,yes,2,no,semi-furnished,Tamil Nadu,Madurai,Anna Nagar,9.9252,78.1198
7350000,6000,3,2,2,yes,yes,no,no,yes,1,no,semi-furnished,Telangana,Warangal,Hanamkonda,17.9784,79.6002
7350000,6000,3,1,2,yes,no,no,no,yes,1,no,unfurnished,Andhra Pradesh,Vijayawada,Benz Circle,16.5062,80.648
7343000,11440,4,1,2,yes,no,yes,no,no,1,yes,semi-furnished,Punjab,Ludhiana,Model Town,30.9009,75.8573
7245000,9000,4,2,4,yes,yes,no,no,yes,1,yes,furnished,Assam,Guwahati,Dispur,26.1445,91.7362
7210000,7680,4,2,4,yes,yes,no,no,yes,1,no,semi-furnished,Jammu & Kashmir,Srinagar,Rajbagh,34.0837,74.7973
7210000,6000,3,2,4,yes,yes,no,no,yes,1,no,furnished,Himachal Pradesh,Shimla,Mall Road,31.1048,77.1734
7140000,6000,3,2,2,yes,yes,no,no,no,1,no,semi-furnished,Maharashtra,Mumbai,Andheri East,19.1136,72.8697
7070000,8880,2,1,1,yes,no,no,no,yes,1,no,semi-furnished,Maharashtra,Pune,Wakad,18.5996,73.7603
7070000,6240,4,2,2,yes,no,no,no,yes,1,no,furnished,Karnataka,Bangalore,Whitefield,12.9698,77.75
7035000,6360,4,2,3,yes,no,no,no,yes,2,yes,furnished,Delhi,New Delhi,Dwarka,28.5921,77.046
7000000,11175,3,1,1,yes,no,yes,no,yes,1,yes,furnished,Telangana,Hyderabad,Gachibowli,17.4401,78.3489
6930000,8880,3,2,2,yes,no,yes,no,yes,1,no,furnished,Tamil Nadu,Chennai,Velachery,12.9756,80.2214
6930000,13200,2,1,1,yes,no,yes,yes,no,1,no,furnished,West Bengal,Kolkata,Salt Lake,22.5867,88.417
6895000,7700,3,2,1,yes,no,no,no,no,2,no,unfurnished,Gujarat,Ahmedabad,Navrangpura,23.03,72.58
6860000,6000,3,1,1,yes,no,no,no,yes,1,no,furnished,Rajasthan,Jaipur,Malviya Nagar,26.853,75.805
6790000,12090,4,2,2,yes,no,no,no,no,2,yes,furnished,Madhya Pradesh,Indore,Vijay Nagar,22.7533,75.8937
6790000,4000,3,2,2,yes,no,yes,no,yes,0,yes,semi-furnished,Uttar Pradesh,Noida,Sector 62,28.6304,77.3722
6755000,6000,4,2,4,yes,no,no,no,yes,0,no,unfurnished,Haryana,Gurugram,DLF Phase 3,28.4972,77.088
6720000,5020,3,1,4,yes,no,no,no,yes,0,yes,unfurnished,Punjab,Chandigarh,Sector 22,30.7333,76.7794
6685000,6600,2,2,4,yes,no,yes,no,no,0,yes,furnished,Uttarakhand,Dehradun,Rajpur Road,30.3256,78.0437
6650000,4040,3,1,2,yes,no,yes,yes,no,1,no,furnished,Uttar Pradesh,Lucknow,Gomti Nagar,26.8467,80.9462
6650000,4260,4,2,2,yes,no,no,yes,no,0,no,semi-furnished,Bihar,Patna,Boring Road,25.5941,85.1376
6650000,6420,3,2,3,yes,no,no,no,yes,0,yes,furnished,Jharkhand,Ranchi,Morabadi,23.3441,85.3096
6650000,6500,3,2,3,yes,no,no,no,yes,0,yes,furnished,Odisha,Bhubaneswar,Patia,20.2961,85.8245
6650000,5700,3,1,1,yes,yes,yes,no,yes,2,yes,furnished,Andhra Pradesh,Visakhapatnam,MVP Colony,17.6868,83.2185
6650000,6000,3,2,3,yes,yes,no,no,yes,0,no,furnished,Chhattisgarh,Raipur,Shankar Nagar,21.2514,81.6296
6629000,6000,3,1,2,yes,no,no,yes,no,1,yes,semi-furnished,Kerala,Kochi,Kakkanad,9.9312,76.2673
6615000,4000,3,2,2,yes,no,yes,no,yes,1,no,semi-furnished,Kerala,Thiruvananthapuram,Technopark,8.5241,76.9366
6615000,10500,3,2,1,yes,no,yes,no,yes,1,yes,furnished,Tamil Nadu,Coimbatore,RS Puram,11.0168,76.9558
6580000,6000,3,2,4,yes,no,no,no,yes,0,no,semi-furnished,Tamil Nadu,Madurai,Anna Nagar,9.9252,78.1198
6510000,3760,3,1,2,yes,no,no,yes,no,2,no,semi-furnished,Telangana,Warangal,Hanamkonda,17.9784,79.6002
6510000,8250,3,2,3,yes,no,no,no,yes,0,no,furnished,Andhra Pradesh,Vijayawada,Benz Circle,16.5062,80.648
6510000,6670,3,1,3,yes,no,yes,no,no,0,yes,unfurnished,Punjab,Ludhiana,Model Town,30.9009,75.8573
6475000,3960,3,1,1,yes,no,yes,no,no,2,no,semi-furnished,Assam,Guwahati,Dispur,26.1445,91.7362
6475000,7410,3,1,1,yes,yes,yes,no,yes,2,yes,unfurnished,Jammu & Kashmir,Srinagar,Rajbagh,34.0837,74.7973
6440000,8580,5,3,2,yes,no,no,no,no,2,no,furnished,Himachal Pradesh,Shimla,Mall Road,31.1048,77.1734
6440000,5000,3,1,2,yes,no,no,no,yes,0,no,semi-furnished,Maharashtra,Mumbai,Andheri East,19.1136,72.8697
6419000,6750,2,1,1,yes,yes,yes,no,no,2,yes,furnished,Maharashtra,Pune,Wakad,18.5996,73.7603
6405000,4800,3,2,4,yes,yes,no,no,yes,0,no,furnished,Karnataka,Bangalore,Whitefield,12.9698,77.75
6300000,7200,3,2,1,yes,no,yes,no,yes,3,no,semi-furnished,Delhi,New Delhi,Dwarka,28.5921,77.046
6300000,6000,4,2,4,yes,no,no,no,no,1,no,semi-furnished,Telangana,Hyderabad,Gachibowli,17.4401,78.3489
6300000,4100,3,2,3,yes,no,no,no,yes,2,no,semi-furnished,Tamil Nadu,Chennai,Velachery,12.9756,80.2214
6300000,9000,3,1,1,yes,no,yes,no,no,1,yes,furnished,West Bengal,Kolkata,Salt Lake,22.5867,88.417
6300000,6400,3,1,1,yes,yes,yes,no,yes,1,yes,semi-furnished,Gujarat,Ahmedabad,Navrangpura,23.03,72.58
6293000,6600,3,2,3,yes,no,no,no,yes,0,yes,unfurnished,Rajasthan,Jaipur,Malviya Nagar,26.853,75.805
6265000,6000,4,1,3,yes,yes,yes,no,no,0,yes,unfurnished,Madhya Pradesh,Indore,Vijay Nagar,22.7533,75.8937
6230000,6600,3,2,1,yes,no,yes,no,yes,0,yes,unfurnished,Uttar Pradesh,Noida,Sector 62,28.6304,77.3722
6230000,5500,3,1,3,yes,no,no,no,no,1,yes,unfurnished,Haryana,Gurugram,DLF Phase 3,28.4972,77.088
6195000,5500,3,2,4,yes,yes,no,no,yes,1,no,semi-furnished,Punjab,Chandigarh,Sector 22,30.7333,76.7794
6195000,6350,3,2,3,yes,yes,no,no,yes,0,no,furnished,Uttarakhand,Dehradun,Rajpur Road,30.3256,78.0437
6195000,5500,3,2,1,yes,yes,yes,no,no,2,yes,furnished,Uttar Pradesh,Lucknow,Gomti Nagar,26.8467,80.9462
6160000,4500,3,1,4,yes,no,no,no,yes,0,no,unfurnished,Bihar,Patna,Boring Road,25.5941,85.1376
6160000,5450,4,2,1,yes,no,yes,no,yes,0,yes,semi-furnished,Jharkhand,Ranchi,Morabadi,23.3441,85.3096
6125000,6420,3,1,3,yes,no,yes,no,no,0,yes,unfurnished,Odisha,Bhubaneswar,Patia,20.2961,85.8245
6107500,3240,4,1,3,yes,no,no,no,no,1,no,semi-furnished,Andhra Pradesh,Visakhapatnam,MVP Colony,17.6868,83.2185
6090000,6615,4,2,2,yes,yes,no,yes,no,1,no,semi-furnished,Chhattisgarh,Raipur,Shankar Nagar,21.2514,81.6296
6090000,6600,3,1,1,yes,yes,yes,no,no,2,yes,semi-furnished,Kerala,Kochi,Kakkanad,9.9312,76.2673
6090000,8372,3,1,3,yes,no,no,no,yes,2,no,unfurnished,Kerala,Thiruvananthapuram,Technopark,8.5241,76.9366
6083000,4300,6,2,2,yes,no,no,no,no,0,no,furnished,Tamil Nadu,Coimbatore,RS Puram,11.0168,76.9558
6083000,9620,3,1,1,yes,no,yes,no,no,2,yes,furnished,Tamil Nadu,Madurai,Anna Nagar,9.9252,78.1198
6020000,6800,2,1,1,yes,yes,yes,no,no,2,no,furnished,Telangana,Warangal,Hanamkonda,17.9784,79.6002
6020000,8000,3,1,1,yes,yes,yes,no,yes,2,yes,semi-furnished,Andhra Pradesh,Vijayawada,Benz Circle,16.5062,80.648
6020000,6900,3,2,1,yes,yes,yes,no,no,0,yes,unfurnished,Punjab,Ludhiana,Model Town,30.9009,75.8573
5950000,3700,4,1,2,yes,yes,no,no,yes,0,no,furnished,Assam,Guwahati,Dispur,26.1445,91.7362
5950000,6420,3,1,1,yes,no,yes,no,yes,0,yes,furnished,Jammu & Kashmir,Srinagar,Rajbagh,34.0837,74.7973
5950000,7020,3,1,1,yes,no,yes,no,yes,2,yes,semi-furnished,Himachal Pradesh,Shimla,Mall Road,31.1048,77.1734
5950000,6540,3,1,1,yes,yes,yes,no,no,2,yes,furnished,Maharashtra,Mumbai,Andheri East,19.1136,72.8697
5950000,7231,3,1,2,yes,yes,yes,no,yes,0,yes,semi-furnished,Maharashtra,Pune,Wakad,18.5996,73.7603
5950000,6254,4,2,1,yes,no,yes,no,no,1,yes,semi-furnished,Karnataka,Bangalore,Whitefield,12.9698,77.75
5950000,7320,4,2,2,yes,no,no,no,no,0,no,furnished,Delhi,New Delhi,Dwarka,28.5921,77.046
5950000,6525,3,2,4,yes,no,no,no,no,1,no,furnished,Telangana,Hyderabad,Gachibowli,17.4401,78.3489
5943000,15600,3,1,1,yes,no,no,no,yes,2,no,semi-furnished,Tamil Nadu,Chennai,Velachery,12.9756,80.2214
5880000,7160,3,1,1,yes,no,yes,no,no,2,yes,unfurnished,West Bengal,Kolkata,Salt Lake,22.5867,88.417
5880000,6500,3,2,3,yes,no,no,no,yes,0,no,unfurnished,Gujarat,Ahmedabad,Navrangpura,23.03,72.58
5873000,5500,3,1,3,yes,yes,no,no,yes,1,no,furnished,Rajasthan,Jaipur,Malviya Nagar,26.853,75.805
5873000,11460,3,1,3,yes,no,no,no,no,2,yes,semi-furnished,Madhya Pradesh,Indore,Vijay Nagar,22.7533,75.8937
5866000,4800,3,1,1,yes,yes,yes,no,no,0,no,unfurnished,Uttar Pradesh,Noida,Sector 62,28.6304,77.3722
5810000,5828,4,1,4,yes,yes,no,no,no,0,no,semi-furnished,Haryana,Gurugram,DLF Phase 3,28.4972,77.088
5810000,5200,3,1,3,yes,no,no,no,yes,0,no,semi-furnished,Punjab,Chandigarh,Sector 22,30.7333,76.7794
5810000,4800,3,1,3,yes,no,no,no,yes,0,no,unfurnished,Uttarakhand,Dehradun,Rajpur Road,30.3256,78.0437
5803000,7000,3,1,1,yes,no,yes,no,no,2,yes,semi-furnished,Uttar Pradesh,Lucknow,Gomti Nagar,26.8467,80.9462
5775000,6000,3,2,4,yes,no,no,no,yes,0,no,unfurnished,Bihar,Patna,Boring Road,25.5941,85.1376
5740000,5400,4,2,2,yes,no,no,no,yes,2,no,unfurnished,Jharkhand,Ranchi,Morabadi,23.3441,85.3096
5740000,4640,4,1,2,yes,no,no,no,no,1,no,semi-furnished,Odisha,Bhubaneswar,Patia,20.2961,85.8245
5740000,5000,3,1,3,yes,no,no,no,yes,0,no,semi-furnished,Andhra Pradesh,Visakhapatnam,MVP Colony,17.6868,83.2185
5740000,6360,3,1,1,yes,yes,yes,no,yes,2,yes,furnished,Chhattisgarh,Raipur,Shankar Nagar,21.2514,81.6296
5740000,5800,3,2,4,yes,no,no,no,yes,0,no,unfurnished,Kerala,Kochi,Kakkanad,9.9312,76.2673
5652500,6660,4,2,2,yes,yes,yes,no,no,1,yes,semi-furnished,Kerala,Thiruvananthapuram,Technopark,8.5241,76.9366
5600000,10500,4,2,2,yes,no,no,no,no,1,no,semi-furnished,Tamil Nadu,Coimbatore,RS Puram,11.0168,76.9558
5600000,4800,5,2,3,no,no,yes,yes,no,0,no,unfurnished,Tamil Nadu,Madurai,Anna Nagar,9.9252,78.1198
5600000,4700,4,1,2,yes,yes,yes,no,yes,1,no,furnished,Telangana,Warangal,Hanamkonda,17.9784,79.6002
5600000,5000,3,1,4,yes,no,no,no,no,0,no,furnished,Andhra Pradesh,Vijayawada,Benz Circle,16.5062,80.648
5600000,10500,2,1,1,yes,no,no,no,no,1,no,semi-furnished,Punjab,Ludhiana,Model Town,30.9009,75.8573
5600000,5500,3,2,2,yes,no,no,no,no,1,no,semi-furnished,Assam,Guwahati,Dispur,26.1445,91.7362
5600000,6360,3,1,3,yes,no,no,no,no,0,yes,semi-furnished,Jammu & Kashmir,Srinagar,Rajbagh,34.0837,74.7973
5600000,6600,4,2,1,yes,no,yes,no,no,0,yes,semi-furnished,Himachal Pradesh,Shimla,Mall Road,31.1048,77.1734
5600000,5136,3,1,2,yes,yes,yes,no,yes,0,yes,unfurnished,Maharashtra,Mumbai,Andheri East,19.1136,72.8697
5565000,4400,4,1,2,yes,no,no,no,yes,2,yes,semi-furnished,Maharashtra,Pune,Wakad,18.5996,73.7603
5565000,5400,5,1,2,yes,yes,yes,no,yes,0,yes,furnished,Karnataka,Bangalore,Whitefield,12.9698,77.75
5530000,3300,3,3,2,yes,no,yes,no,no,0,no,semi-furnished,Delhi,New Delhi,Dwarka,28.5921,77.046
5530000,3650,3,2,2,yes,no,no,no,no,2,no,semi-furnished,Telangana,Hyderabad,Gachibowli,17.4401,78.3489
5530000,6100,3,2,1,yes,no,yes,no,no,2,yes,furnished,Tamil Nadu,Chennai,Velachery,12.9756,80.2214
5523000,6900,3,1,1,yes,yes,yes,no,no,0,yes,semi-furnished,West Bengal,Kolkata,Salt Lake,22.5867,88.417
5495000,2817,4,2,2,no,yes,yes,no,no,1,no,furnished,Gujarat,Ahmedabad,Navrangpura,23.03,72.58
5495000,7980,3,1,1,yes,no,no,no,no,2,no,semi-furnished,Rajasthan,Jaipur,Malviya Nagar,26.853,75.805
5460000,3150,3,2,1,yes,yes,yes,no,yes,0,no,furnished,Madhya Pradesh,Indore,Vijay Nagar,22.7533,75.8937
5460000,6210,4,1,4,yes,yes,no,no,yes,0,no,furnished,Uttar Pradesh,Noida,Sector 62,28.6304,77.3722
5460000,6100,3,1,3,yes,yes,no,no,yes,0,yes,semi-furnished,Haryana,Gurugram,DLF Phase 3,28.4972,77.088
5460000,6600,4,2,2,yes,yes,yes,no,no,0,yes,semi-furnished,Punjab,Chandigarh,Sector 22,30.7333,76.7794
5425000,6825,3,1,1,yes,yes,yes,no,yes,0,yes,semi-furnished,Uttarakhand,Dehradun,Rajpur Road,30.3256,78.0437
5390000,6710,3,2,2,yes,yes,yes,no,no,1,yes,furnished,Uttar Pradesh,Lucknow,Gomti Nagar,26.8467,80.9462
5383000,6450,3,2,1,yes,yes,yes,yes,no,0,no,unfurnished,Bihar,Patna,Boring Road,25.5941,85.1376
5320000,7800,3,1,1,yes,no,yes,no,yes,2,yes,unfurnished,Jharkhand,Ranchi,Morabadi,23.3441,85.3096
5285000,4600,2,2,1,yes,no,no,no,yes,2,no,semi-furnished,Odisha,Bhubaneswar,Patia,20.2961,85.8245
5250000,4260,4,1,2,yes,no,yes,no,yes,0,no,furnished,Andhra Pradesh,Visakhapatnam,MVP Colony,17.6868,83.2185
5250000,6540,4,2,2,no,no,no,no,yes,0,no,semi-furnished,Chhattisgarh,Raipur,Shankar Nagar,21.2514,81.6296
5250000,5500,3,2,1,yes,no,yes,no,no,0,no,semi-furnished,Kerala,Kochi,Kakkanad,9.9312,76.2673
5250000,10269,3,1,1,yes,no,no,no,no,1,yes,semi-furnished,Kerala,Thiruvananthapuram,Technopark,8.5241,76.9366
5250000,8400,3,1,2,yes,yes,yes,no,yes,2,yes,unfurnished,Tamil Nadu,Coimbatore,RS Puram,11.0168,76.9558
5250000,5300,4,2,1,yes,no,no,no,yes,0,yes,unfurnished,Tamil Nadu,Madurai,Anna Nagar,9.9252,78.1198
5250000,3800,3,1,2,yes,yes,yes,no,no,1,yes,unfurnished,Telangana,Warangal,Hanamkonda,17.9784,79.6002
5250000,9800,4,2,2,yes,yes,no,no,no,2,no,semi-furnished,Andhra Pradesh,Vijayawada,Benz Circle,16.5062,80.648
5250000,8520,3,1,1,yes,no,no,no,yes,2,no,furnished,Punjab,Ludhiana,Model Town,30.9009,75.8573
5243000,6050,3,1,1,yes,no,yes,no,no,0,yes,semi-furnished,Assam,Guwahati,Dispur,26.1445,91.7362
5229000,7085,3,1,1,yes,yes,yes,no,no,2,yes,semi-furnished,Jammu & Kashmir,Srinagar,Rajbagh,34.0837,74.7973
5215000,3180,3,2,2,yes,no,no,no,no,2,no,semi-furnished,Himachal Pradesh,Shimla,Mall Road,31.1048,77.1734
5215000,4500,4,2,1,no,no,yes,no,yes,2,no,semi-furnished,Maharashtra,Mumbai,Andheri East,19.1136,72.8697
5215000,7200,3,1,2,yes,yes,yes,no,no,1,yes,furnished,Maharashtra,Pune,Wakad,18.5996,73.7603
5145000,3410,3,1,2,no,no,no,no,yes,0,no,semi-furnished,Karnataka,Bangalore,Whitefield,12.9698,77.75
5145000,7980,3,1,1,yes,no,no,no,no,1,yes,semi-furnished,Delhi,New Delhi,Dwarka,28.5921,77.046
5110000,3000,3,2,2,yes,yes,yes,no,no,0,no,furnished,Telangana,Hyderabad,Gachibowli,17.4401,78.3489
5110000,3000,3,1,2,yes,no,yes,no,no,0,no,unfurnished,Tamil Nadu,Chennai,Velachery,12.9756,80.2214
5110000,11410,2,1,2,yes,no,no,no,no,0,yes,furnished,West Bengal,Kolkata,Salt Lake,22.5867,88.417
5110000,6100,3,1,1,yes,no,yes,no,yes,0,yes,semi-furnished,Gujarat,Ahmedabad,Navrangpura,23.03,72.58
5075000,5720,2,1,2,yes,no,no,no,yes,0,yes,unfurnished,Rajasthan,Jaipur,Malviya Nagar,26.853,75.805
5040000,3540,2,1,1,no,yes,yes,no,no,0,no,semi-furnished,Madhya Pradesh,Indore,Vijay Nagar,22.7533,75.8937
5040000,7600,4,1,2,yes,no,no,no,yes,2,no,furnished,Uttar Pradesh,Noida,Sector 62,28.6304,77.3722
5040000,10700,3,1,2,yes,yes,yes,no,no,0,no,semi-furnished,Haryana,Gurugram,DLF Phase 3,28.4972,77.088
5040000,6600,3,1,1,yes,yes,yes,no,no,0,yes,furnished,Punjab,Chandigarh,Sector 22,30.7333,76.7794
5033000,4800,2,1,1,yes,yes,yes,no,no,0,no,semi-furnished,Uttarakhand,Dehradun,Rajpur Road,30.3256,78.0437
5005000,8150,3,2,1,yes,yes,yes,no,no,0,no,semi-furnished,Uttar Pradesh,Lucknow,Gomti Nagar,26.8467,80.9462
4970000,4410,4,3,2,yes,no,yes,no,no,2,no,semi-furnished,Bihar,Patna,Boring Road,25.5941,85.1376
4970000,7686,3,1,1,yes,yes,yes,yes,no,0,no,semi-furnished,Jharkhand,Ranchi,Morabadi,23.3441,85.3096
4956000,2800,3,2,2,no,no,yes,no,yes,1,no,semi-furnished,Odisha,Bhubaneswar,Patia,20.2961,85.8245
4935000,5948,3,1,2,yes,no,no,no,yes,0,no,semi-furnished,Andhra Pradesh,Visakhapatnam,MVP Colony,17.6868,83.2185
4907000,4200,3,1,2,yes,no,no,no,no,1,no,furnished,Chhattisgarh,Raipur,Shankar Nagar,21.2514,81.6296
4900000,4520,3,1,2,yes,no,yes,no,yes,0,no,semi-furnished,Kerala,Kochi,Kakkanad,9.9312,76.2673
4900000,4095,3,1,2,no,yes,yes,no,yes,0,no,semi-furnished,Kerala,Thiruvananthapuram,Technopark,8.5241,76.9366
4900000,4120,2,1,1,yes,no,yes,no,no,1,no,semi-furnished,Tamil Nadu,Coimbatore,RS Puram,11.0168,76.9558
4900000,5400,4,1,2,yes,no,no,no,no,0,no,semi-furnished,Tamil Nadu,Madurai,Anna Nagar,9.9252,78.1198
4900000,4770,3,1,1,yes,yes,yes,no,no,0,no,semi-furnished,Telangana,Warangal,Hanamkonda,17.9784,79.6002
4900000,6300,3,1,1,yes,no,no,no,yes,2,no,semi-furnished,Andhra Pradesh,Vijayawada,Benz Circle,16.5062,80.648
4900000,5800,2,1,1,yes,yes,yes,no,yes,0,no,semi-furnished,Punjab,Ludhiana,Model Town,30.9009,75.8573
4900000,3000,3,1,2,yes,no,yes,no,yes,0,no,semi-furnished,Assam,Guwahati,Dispur,26.1445,91.7362
4900000,2970,3,1,3,yes,no,no,no,no,0,no,semi-furnished,Jammu & Kashmir,Srinagar,Rajbagh,34.0837,74.7973
4900000,6720,3,1,1,yes,no,no,no,no,0,no,unfurnished,Himachal Pradesh,Shimla,Mall Road,31.1048,77.1734
4900000,4646,3,1,2,yes,yes,yes,no,no,2,no,semi-furnished,Maharashtra,Mumbai,Andheri East,19.1136,72.8697
4900000,12900,3,1,1,yes,no,no,no,no,2,no,furnished,Maharashtra,Pune,Wakad,18.5996,73.7603
4893000,3420,4,2,2,yes,no,yes,no,yes,2,no,semi-furnished,Karnataka,Bangalore,Whitefield,12.9698,77.75
4893000,4995,4,2,1,yes,no,yes,no,no,0,no,semi-furnished,Delhi,New Delhi,Dwarka,28.5921,77.046
4865000,4350,2,1,1,yes,no,yes,no,no,0,no,unfurnished,Telangana,Hyderabad,Gachibowli,17.4401,78.3489
4830000,4160,3,1,3,yes,no,no,no,no,0,no,unfurnished,Tamil Nadu,Chennai,Velachery,12.9756,80.2214
4830000,6040,3,1,1,yes,no,no,no,no,2,yes,semi-furnished,West Bengal,Kolkata,Salt Lake,22.5867,88.417
4830000,6862,3,1,2,yes,no,no,no,yes,2,yes,furnished,Gujarat,Ahmedabad,Navrangpura,23.03,72.58
4830000,4815,2,1,1,yes,no,no,no,yes,0,yes,semi-furnished,Rajasthan,Jaipur,Malviya Nagar,26.853,75.805
4795000,7000,3,1,2,yes,no,yes,no,no,0,no,unfurnished,Madhya Pradesh,Indore,Vijay Nagar,22.7533,75.8937
4795000,8100,4,1,4,yes,no,yes,no,yes,2,no,semi-furnished,Uttar Pradesh,Noida,Sector 62,28.6304,77.3722
4767000,3420,4,2,2,yes,no,no,no,no,0,no,semi-furnished,Haryana,Gurugram,DLF Phase 3,28.4972,77.088
4760000,9166,2,1,1,yes,no,yes,no,yes,2,no,semi-furnished,Punjab,Chandigarh,Sector 22,30.7333,76.7794
4760000,6321,3,1,2,yes,no,yes,no,yes,1,no,furnished,Uttarakhand,Dehradun,Rajpur Road,30.3256,78.0437
4760000,10240,2,1,1,yes,no,no,no,yes,2,yes,unfurnished,Uttar Pradesh,Lucknow,Gomti Nagar,26.8467,80.9462
4753000,6440,2,1,1,yes,no,no,no,yes,3,no,semi-furnished,Bihar,Patna,Boring Road,25.5941,85.1376
4690000,5170,3,1,4,yes,no,no,no,yes,0,no,semi-furnished,Jharkhand,Ranchi,Morabadi,23.3441,85.3096
4690000,6000,2,1,1,yes,no,yes,no,yes,1,no,furnished,Odisha,Bhubaneswar,Patia,20.2961,85.8245
4690000,3630,3,1,2,yes,no,no,no,no,2,no,semi-furnished,Andhra Pradesh,Visakhapatnam,MVP Colony,17.6868,83.2185
4690000,9667,4,2,2,yes,yes,yes,no,no,1,no,semi-furnished,Chhattisgarh,Raipur,Shankar Nagar,21.2514,81.6296
4690000,5400,2,1,2,yes,no,no,no,no,0,yes,semi-furnished,Kerala,Kochi,Kakkanad,9.9312,76.2673
4690000,4320,3,1,1,yes,no,no,no,no,0,yes,semi-furnished,Kerala,Thiruvananthapuram,Technopark,8.5241,76.9366
4655000,3745,3,1,2,yes,no,yes,no,no,0,no,furnished,Tamil Nadu,Coimbatore,RS Puram,11.0168,76.9558
4620000,4160,3,1,1,yes,yes,yes,no,yes,0,no,unfurnished,Tamil Nadu,Madurai,Anna Nagar,9.9252,78.1198
4620000,3880,3,2,2,yes,no,yes,no,no,2,no,semi-furnished,Telangana,Warangal,Hanamkonda,17.9784,79.6002
4620000,5680,3,1,2,yes,yes,no,no,yes,1,no,semi-furnished,Andhra Pradesh,Vijayawada,Benz Circle,16.5062,80.648
4620000,2870,2,1,2,yes,yes,yes,no,no,0,yes,semi-furnished,Punjab,Ludhiana,Model Town,30.9009,75.8573
4620000,5010,3,1,2,yes,no,yes,no,no,0,no,semi-furnished,Assam,Guwahati,Dispur,26.1445,91.7362
4613000,4510,4,2,2,yes,no,yes,no,no,0,no,semi-furnished,Jammu & Kashmir,Srinagar,Rajbagh,34.0837,74.7973
4585000,4000,3,1,2,yes,no,no,no,no,1,no,furnished,Himachal Pradesh,Shimla,Mall Road,31.1048,77.1734
4585000,3840,3,1,2,yes,no,no,no,no,1,yes,semi-furnished,Maharashtra,Mumbai,Andheri East,19.1136,72.8697
4550000,3760,3,1,1,yes,no,no,no,no,2,no,semi-furnished,Maharashtra,Pune,Wakad,18.5996,73.7603
4550000,3640,3,1,2,yes,no,no,no,yes,0,no,furnished,Karnataka,Bangalore,Whitefield,12.9698,77.75
4550000,2550,3,1,2,yes,no,yes,no,no,0,no,furnished,Delhi,New Delhi,Dwarka,28.5921,77.046
4550000,5320,3,1,2,yes,yes,yes,no,no,0,yes,semi-furnished,Telangana,Hyderabad,Gachibowli,17.4401,78.3489
4550000,5360,3,1,2,yes,no,no,no,no,2,yes,unfurnished,Tamil Nadu,Chennai,Velachery,12.9756,80.2214
4550000,3520,3,1,1,yes,no,no,no,no,0,yes,semi-furnished,West Bengal,Kolkata,Salt Lake,22.5867,88.417
4550000,8400,4,1,4,yes,no,no,no,no,3,no,unfurnished,Gujarat,Ahmedabad,Navrangpura,23.03,72.58
4543000,4100,2,2,1,yes,yes,yes,no,no,0,no,semi-furnished,Rajasthan,Jaipur,Malviya Nagar,26.853,75.805
4543000,4990,4,2,2,yes,yes,yes,no,no,0,yes,furnished,Madhya Pradesh,Indore,Vijay Nagar,22.7533,75.8937
4515000,3510,3,1,3,yes,no,no,no,no,0,no,semi-furnished,Uttar Pradesh,Noida,Sector 62,28.6304,77.3722
4515000,3450,3,1,2,yes,no,yes,no,no,1,no,semi-furnished,Haryana,Gurugram,DLF Phase 3,28.4972,77.088
4515000,9860,3,1,1,yes,no,no,no,no,0,no,semi-furnished,Punjab,Chandigarh,Sector 22,30.7333,76.7794
4515000,3520,2,1,2,yes,no,no,no,no,0,yes,furnished,Uttarakhand,Dehradun,Rajpur Road,30.3256,78.0437
4480000,4510,4,1,2,yes,no,no,no,yes,2,no,semi-furnished,Uttar Pradesh,Lucknow,Gomti Nagar,26.8467,80.9462
4480000,5885,2,1,1,yes,no,no,no,yes,1,no,unfurnished,Bihar,Patna,Boring Road,25.5941,85.1376
4480000,4000,3,1,2,yes,no,no,no,no,2,no,furnished,Jharkhand,Ranchi,Morabadi,23.3441,85.3096
4480000,8250,3,1,1,yes,no,no,no,no,0,no,furnished,Odisha,Bhubaneswar,Patia,20.2961,85.8245
4480000,4040,3,1,2,yes,no,no,no,no,1,no,semi-furnished,Andhra Pradesh,Visakhapatnam,MVP Colony,17.6868,83.2185
4473000,6360,2,1,1,yes,no,yes,no,yes,1,no,furnished,Chhattisgarh,Raipur,Shankar Nagar,21.2514,81.6296
4473000,3162,3,1,2,yes,no,no,no,yes,1,no,furnished,Kerala,Kochi,Kakkanad,9.9312,76.2673
4473000,3510,3,1,2,yes,no,no,no,no,0,no,semi-furnished,Kerala,Thiruvananthapuram,Technopark,8.5241,76.9366
4445000,3750,2,1,1,yes,yes,yes,no,no,0,no,semi-furnished,Tamil Nadu,Coimbatore,RS Puram,11.0168,76.9558
4410000,3968,3,1,2,no,no,no,no,no,0,no,semi-furnished,Tamil Nadu,Madurai,Anna Nagar,9.9252,78.1198
4410000,4900,2,1,2,yes,no,yes,no,no,0,no,semi-furnished,Telangana,Warangal,Hanamkonda,17.9784,79.6002
4403000,2880,3,1,2,yes,no,no,no,no,0,yes,semi-furnished,Andhra Pradesh,Vijayawada,Benz Circle,16.5062,80.648
4403000,4880,3,1,1,yes,no,no,no,no,2,yes,unfurnished,Punjab,Ludhiana,Model Town,30.9009,75.8573
4403000,4920,3,1,2,yes,no,no,no,no,1,no,semi-furnished,Assam,Guwahati,Dispur,26.1445,91.7362
4382000,4950,4,1,2,yes,no,no,no,yes,0,no,semi-furnished,Jammu & Kashmir,Srinagar,Rajbagh,34.0837,74.7973
4375000,3900,3,1,2,yes,no,no,no,no,0,no,unfurnished,Himachal Pradesh,Shimla,Mall Road,31.1048,77.1734
4340000,4500,3,2,3,yes,no,no,yes,no,1,no,furnished,Maharashtra,Mumbai,Andheri East,19.1136,72.8697
4340000,1905,5,1,2,no,no,yes,no,no,0,no,semi-furnished,Maharashtra,Pune,Wakad,18.5996,73.7603
4340000,4075,3,1,1,yes,yes,yes,no,no,2,no,semi-furnished,Karnataka,Bangalore,Whitefield,12.9698,77.75
4340000,3500,4,1,2,yes,no,no,no,no,2,no,furnished,Delhi,New Delhi,Dwarka,28.5921,77.046
4340000,6450,4,1,2,yes,no,no,no,no,0,no,semi-furnished,Telangana,Hyderabad,Gachibowli,17.4401,78.3489
4319000,4032,2,1,1,yes,no,yes,no,no,0,no,furnished,Tamil Nadu,Chennai,Velachery,12.9756,80.2214
4305000,4400,2,1,1,yes,no,no,no,no,1,no,semi-furnished,West Bengal,Kolkata,Salt Lake,22.5867,88.417
4305000,10360,2,1,1,yes,no,no,no,no,1,yes,semi-furnished,Gujarat,Ahmedabad,Navrangpura,23.03,72.58
4277000,3400,3,1,2,yes,no,yes,no,no,2,yes,semi-furnished,Rajasthan,Jaipur,Malviya Nagar,26.853,75.805
4270000,6360,2,1,1,yes,no,no,no,no,0,no,furnished,Madhya Pradesh,Indore,Vijay Nagar,22.7533,75.8937
4270000,6360,2,1,2,yes,no,no,no,no,0,no,unfurnished,Uttar Pradesh,Noida,Sector 62,28.6304,77.3722
4270000,4500,2,1,1,yes,no,no,no,yes,2,no,furnished,Haryana,Gurugram,DLF Phase 3,28.4972,77.088
4270000,2175,3,1,2,no,yes,yes,no,yes,0,no,unfurnished,Punjab,Chandigarh,Sector 22,30.7333,76.7794
4270000,4360,4,1,2,yes,no,no,no,no,0,no,furnished,Uttarakhand,Dehradun,Rajpur Road,30.3256,78.0437
4270000,7770,2,1,1,yes,no,no,no,no,1,no,furnished,Uttar Pradesh,Lucknow,Gomti Nagar,26.8467,80.9462
4235000,6650,3,1,2,yes,yes,no,no,no,0,no,semi-furnished,Bihar,Patna,Boring Road,25.5941,85.1376
4235000,2787,3,1,1,yes,no,yes,no,no,0,yes,furnished,Jharkhand,Ranchi,Morabadi,23.3441,85.3096
4200000,5500,3,1,2,yes,no,no,no,yes,0,no,unfurnished,Odisha,Bhubaneswar,Patia,20.2961,85.8245
4200000,5040,3,1,2,yes,no,yes,no,yes,0,no,unfurnished,Andhra Pradesh,Visakhapatnam,MVP Colony,17.6868,83.2185
4200000,5850,2,1,1,yes,yes,yes,no,no,2,no,semi-furnished,Chhattisgarh,Raipur,Shankar Nagar,21.2514,81.6296
4200000,2610,4,3,2,no,no,no,no,no,0,no,semi-furnished,Kerala,Kochi,Kakkanad,9.9312,76.2673
4200000,2953,3,1,2,yes,no,yes,no,yes,0,no,unfurnished,Kerala,Thiruvananthapuram,Technopark,8.5241,76.9366
4200000,2747,4,2,2,no,no,no,no,no,0,no,semi-furnished,Tamil Nadu,Coimbatore,RS Puram,11.0168,76.9558
4200000,4410,2,1,1,no,no,no,no,no,1,no,unfurnished,Tamil Nadu,Madurai,Anna Nagar,9.9252,78.1198
4200000,4000,4,2,2,no,no,no,no,no,0,no,semi-furnished,Telangana,Warangal,Hanamkonda,17.9784,79.6002
4200000,2325,3,1,2,no,no,no,no,no,0,no,semi-furnished,Andhra Pradesh,Vijayawada,Benz Circle,16.5062,80.648
4200000,4600,3,2,2,yes,no,no,no,yes,1,no,semi-furnished,Punjab,Ludhiana,Model Town,30.9009,75.8573
4200000,3640,3,2,2,yes,no,yes,no,no,0,no,unfurnished,Assam,Guwahati,Dispur,26.1445,91.7362
4200000,5800,3,1,1,yes,no,no,yes,no,2,no,semi-furnished,Jammu & Kashmir,Srinagar,Rajbagh,34.0837,74.7973
4200000,7000,3,1,1,yes,no,no,no,no,3,no,furnished,Himachal Pradesh,Shimla,Mall Road,31.1048,77.1734
4200000,4079,3,1,3,yes,no,no,no,no,0,no,semi-furnished,Maharashtra,Mumbai,Andheri East,19.1136,72.8697
4200000,3520,3,1,2,yes,no,no,no,no,0,yes,semi-furnished,Maharashtra,Pune,Wakad,18.5996,73.7603
4200000,2145,3,1,3,yes,no,no,no,no,1,yes,unfurnished,Karnataka,Bangalore,Whitefield,12.9698,77.75
4200000,4500,3,1,1,yes,no,yes,no,no,0,no,furnished,Delhi,New Delhi,Dwarka,28.5921,77.046
4193000,8250,3,1,1,yes,no,yes,no,no,3,no,semi-furnished,Telangana,Hyderabad,Gachibowli,17.4401,78.3489
4193000,3450,3,1,2,yes,no,no,no,no,1,no,semi-furnished,Tamil Nadu,Chennai,Velachery,12.9756,80.2214
4165000,4840,3,1,2,yes,no,no,no,no,1,no,semi-furnished,West Bengal,Kolkata,Salt Lake,22.5867,88.417
4165000,4080,3,1,2,yes,no,no,no,no,2,no,semi-furnished,Gujarat,Ahmedabad,Navrangpura,23.03,72.58
4165000,4046,3,1,2,yes,no,yes,no,no,1,no,semi-furnished,Rajasthan,Jaipur,Malviya Nagar,26.853,75.805
4130000,4632,4,1,2,yes,no,no,no,yes,0,no,semi-furnished,Madhya Pradesh,Indore,Vijay Nagar,22.7533,75.8937
4130000,5985,3,1,1,yes,no,yes,no,no,0,no,semi-furnished,Uttar Pradesh,Noida,Sector 62,28.6304,77.3722
4123000,6060,2,1,1,yes,no,yes,no,no,1,no,semi-furnished,Haryana,Gurugram,DLF Phase 3,28.4972,77.088
4098500,3600,3,1,1,yes,no,yes,no,yes,0,yes,furnished,Punjab,Chandigarh,Sector 22,30.7333,76.7794
4095000,3680,3,2,2,yes,no,no,no,no,0,no,semi-furnished,Uttarakhand,Dehradun,Rajpur Road,30.3256,78.0437
4095000,4040,2,1,2,yes,no,no,no,no,1,no,semi-furnished,Uttar Pradesh,Lucknow,Gomti Nagar,26.8467,80.9462
4095000,5600,2,1,1,yes,no,no,no,yes,0,no,semi-furnished,Bihar,Patna,Boring Road,25.5941,85.1376
4060000,5900,4,2,2,no,no,yes,no,no,1,no,unfurnished,Jharkhand,Ranchi,Morabadi,23.3441,85.3096
4060000,4992,3,2,2,yes,no,no,no,no,2,no,unfurnished,Odisha,Bhubaneswar,Patia,20.2961,85.8245
4060000,4340,3,1,1,yes,no,no,no,no,0,no,semi-furnished,Andhra Pradesh,Visakhapatnam,MVP Colony,17.6868,83.2185
4060000,3000,4,1,3,yes,no,yes,no,yes,2,no,semi-furnished,Chhattisgarh,Raipur,Shankar Nagar,21.2514,81.6296
4060000,4320,3,1,2,yes,no,no,no,no,2,yes,furnished,Kerala,Kochi,Kakkanad,9.9312,76.2673
4025000,3630,3,2,2,yes,no,no,yes,no,2,no,semi-furnished,Kerala,Thiruvananthapuram,Technopark,8.5241,76.9366
4025000,3460,3,2,1,yes,no,yes,no,yes,1,no,furnished,Tamil Nadu,Coimbatore,RS Puram,11.0168,76.9558
4025000,5400,3,1,1,yes,no,no,no,no,3,no,semi-furnished,Tamil Nadu,Madurai,Anna Nagar,9.9252,78.1198
4007500,4500,3,1,2,no,no,yes,no,yes,0,no,semi-furnished,Telangana,Warangal,Hanamkonda,17.9784,79.6002
4007500,3460,4,1,2,yes,no,no,no,yes,0,no,semi-furnished,Andhra Pradesh,Vijayawada,Benz Circle,16.5062,80.648
3990000,4100,4,1,1,no,no,yes,no,no,0,no,unfurnished,Punjab,Ludhiana,Model Town,30.9009,75.8573
3990000,6480,3,1,2,no,no,no,no,yes,1,no,semi-furnished,Assam,Guwahati,Dispur,26.1445,91.7362
3990000,4500,3,2,2,no,no,yes,no,yes,0,no,semi-furnished,Jammu & Kashmir,Srinagar,Rajbagh,34.0837,74.7973
3990000,3960,3,1,2,yes,no,no,no,no,0,no,furnished,Himachal Pradesh,Shimla,Mall Road,31.1048,77.1734
3990000,4050,2,1,2,yes,yes,yes,no,no,0,yes,unfurnished,Maharashtra,Mumbai,Andheri East,19.1136,72.8697
3920000,7260,3,2,1,yes,yes,yes,no,no,3,no,furnished,Maharashtra,Pune,Wakad,18.5996,73.7603
3920000,5500,4,1,2,yes,yes,yes,no,no,0,no,semi-furnished,Karnataka,Bangalore,Whitefield,12.9698,77.75
3920000,3000,3,1,2,yes,no,no,no,no,0,no,semi-furnished,Delhi,New Delhi,Dwarka,28.5921,77.046
3920000,3290,2,1,1,yes,no,no,yes,no,1,no,furnished,Telangana,Hyderabad,Gachibowli,17.4401,78.3489
3920000,3816,2,1,1,yes,no,yes,no,yes,2,no,furnished,Tamil Nadu,Chennai,Velachery,12.9756,80.2214
3920000,8080,3,1,1,yes,no,no,no,yes,2,no,semi-furnished,West Bengal,Kolkata,Salt Lake,22.5867,88.417
3920000,2145,4,2,1,yes,no,yes,no,no,0,yes,unfurnished,Gujarat,Ahmedabad,Navrangpura,23.03,72.58
3885000,3780,2,1,2,yes,yes,yes,no,no,0,no,semi-furnished,Rajasthan,Jaipur,Malviya Nagar,26.853,75.805
3885000,3180,4,2,2,yes,no,no,no,no,0,no,furnished,Madhya Pradesh,Indore,Vijay Nagar,22.7533,75.8937
3850000,5300,5,2,2,yes,no,no,no,no,0,no,semi-furnished,Uttar Pradesh,Noida,Sector 62,28.6304,77.3722
3850000,3180,2,2,1,yes,no,yes,no,no,2,no,semi-furnished,Haryana,Gurugram,DLF Phase 3,28.4972,77.088
3850000,7152,3,1,2,yes,no,no,no,yes,0,no,furnished,Punjab,Chandigarh,Sector 22,30.7333,76.7794
3850000,4080,2,1,1,yes,no,no,no,no,0,no,semi-furnished,Uttarakhand,Dehradun,Rajpur Road,30.3256,78.0437
3850000,3850,2,1,1,yes,no,no,no,no,0,no,semi-furnished,Uttar Pradesh,Lucknow,Gomti Nagar,26.8467,80.9462
3850000,2015,3,1,2,yes,no,yes,no,no,0,yes,semi-furnished,Bihar,Patna,Boring Road,25.5941,85.1376
3850000,2176,2,1,2,yes,yes,no,no,no,0,yes,semi-furnished,Jharkhand,Ranchi,Morabadi,23.3441,85.3096
3836000,3350,3,1,2,yes,no,no,no,no,0,no,unfurnished,Odisha,Bhubaneswar,Patia,20.2961,85.8245
3815000,3150,2,2,1,no,no,yes,no,no,0,no,semi-furnished,Andhra Pradesh,Visakhapatnam,MVP Colony,17.6868,83.2185
3780000,4820,3,1,2,yes,no,no,no,no,0,no,semi-furnished,Chhattisgarh,Raipur,Shankar Nagar,21.2514,81.6296
3780000,3420,2,1,2,yes,no,no,yes,no,1,no,semi-furnished,Kerala,Kochi,Kakkanad,9.9312,76.2673
3780000,3600,2,1,1,yes,no,no,no,no,0,no,semi-furnished,Kerala,Thiruvananthapuram,Technopark,8.5241,76.9366
3780000,5830,2,1,1,yes,no,no,no,no,2,no,unfurnished,Tamil Nadu,Coimbatore,RS Puram,11.0168,76.9558
3780000,2856,3,1,3,yes,no,no,no,no,0,yes,furnished,Tamil Nadu,Madurai,Anna Nagar,9.9252,78.1198
3780000,8400,2,1,1,yes,no,no,no,no,1,no,furnished,Telangana,Warangal,Hanamkonda,17.9784,79.6002
3773000,8250,3,1,1,yes,no,no,no,no,2,no,furnished,Andhra Pradesh,Vijayawada,Benz Circle,16.5062,80.648
3773000,2520,5,2,1,no,no,yes,no,yes,1,no,furnished,Punjab,Ludhiana,Model Town,30.9009,75.8573
3773000,6930,4,1,2,no,no,no,no,no,1,no,furnished,Assam,Guwahati,Dispur,26.1445,91.7362
3745000,3480,2,1,1,yes,no,no,no,no,0,yes,semi-furnished,Jammu & Kashmir,Srinagar,Rajbagh,34.0837,74.7973
3710000,3600,3,1,1,yes,no,no,no,no,1,no,unfurnished,Himachal Pradesh,Shimla,Mall Road,31.1048,77.1734
3710000,4040,2,1,1,yes,no,no,no,no,0,no,semi-furnished,Maharashtra,Mumbai,Andheri East,19.1136,72.8697
3710000,6020,3,1,1,yes,no,no,no,no,0,no,semi-furnished,Maharashtra,Pune,Wakad,18.5996,73.7603
3710000,4050,2,1,1,yes,no,no,no,no,0,no,furnished,Karnataka,Bangalore,Whitefield,12.9698,77.75
3710000,3584,2,1,1,yes,no,no,yes,no,0,no,semi-furnished,Delhi,New Delhi,Dwarka,28.5921,77.046
3703000,3120,3,1,2,no,no,yes,yes,no,0,no,semi-furnished,Telangana,Hyderabad,Gachibowli,17.4401,78.3489
3703000,5450,2,1,1,yes,no,no,no,no,0,no,furnished,Tamil Nadu,Chennai,Velachery,12.9756,80.2214
3675000,3630,2,1,1,yes,no,yes,no,no,0,no,furnished,West Bengal,Kolkata,Salt Lake,22.5867,88.417
3675000,3630,2,1,1,yes,no,no,no,yes,0,no,unfurnished,Gujarat,Ahmedabad,Navrangpura,23.03,72.58
3675000,5640,2,1,1,no,no,no,no,no,0,no,semi-furnished,Rajasthan,Jaipur,Malviya Nagar,26.853,75.805
3675000,3600,2,1,1,yes,no,no,no,no,0,no,furnished,Madhya Pradesh,Indore,Vijay Nagar,22.7533,75.8937
3640000,4280,2,1,1,yes,no,no,no,yes,2,no,semi-furnished,Uttar Pradesh,Noida,Sector 62,28.6304,77.3722
3640000,3570,3,1,2,yes,no,yes,no,no,0,no,semi-furnished,Haryana,Gurugram,DLF Phase 3,28.4972,77.088
3640000,3180,3,1,2,no,no,yes,no,no,0,no,semi-furnished,Punjab,Chandigarh,Sector 22,30.7333,76.7794
3640000,3000,2,1,2,yes,no,no,no,yes,0,no,furnished,Uttarakhand,Dehradun,Rajpur Road,30.3256,78.0437
3640000,3520,2,2,1,yes,no,yes,no,no,0,no,semi-furnished,Uttar Pradesh,Lucknow,Gomti Nagar,26.8467,80.9462
3640000,5960,3,1,2,yes,yes,yes,no,no,0,no,unfurnished,Bihar,Patna,Boring Road,25.5941,85.1376
3640000,4130,3,2,2,yes,no,no,no,no,2,no,semi-furnished,Jharkhand,Ranchi,Morabadi,23.3441,85.3096
3640000,2850,3,2,2,no,no,yes,no,no,0,yes,unfurnished,Odisha,Bhubaneswar,Patia,20.2961,85.8245
3640000,2275,3,1,3,yes,no,no,yes,yes,0,yes,semi-furnished,Andhra Pradesh,Visakhapatnam,MVP Colony,17.6868,83.2185
3633000,3520,3,1,1,yes,no,no,no,no,2,yes,unfurnished,Chhattisgarh,Raipur,Shankar Nagar,21.2514,81.6296
3605000,4500,2,1,1,yes,no,no,no,no,0,no,semi-furnished,Kerala,Kochi,Kakkanad,9.9312,76.2673
3605000,4000,2,1,1,yes,no,no,no,no,0,yes,semi-furnished,Kerala,Thiruvananthapuram,Technopark,8.5241,76.9366
3570000,3150,3,1,2,yes,no,yes,no,no,0,no,furnished,Tamil Nadu,Coimbatore,RS Puram,11.0168,76.9558
3570000,4500,4,2,2,yes,no,yes,no,no,2,no,furnished,Tamil Nadu,Madurai,Anna Nagar,9.9252,78.1198
3570000,4500,2,1,1,no,no,no,no,no,0,no,furnished,Telangana,Warangal,Hanamkonda,17.9784,79.6002
3570000,3640,2,1,1,yes,no,no,no,no,0,no,unfurnished,Andhra Pradesh,Vijayawada,Benz Circle,16.5062,80.648
3535000,3850,3,1,1,yes,no,no,no,no,2,no,unfurnished,Punjab,Ludhiana,Model Town,30.9009,75.8573
3500000,4240,3,1,2,yes,no,no,no,yes,0,no,semi-furnished,Assam,Guwahati,Dispur,26.1445,91.7362
3500000,3650,3,1,2,yes,no,no,no,no,0,no,unfurnished,Jammu & Kashmir,Srinagar,Rajbagh,34.0837,74.7973
3500000,4600,4,1,2,yes,no,no,no,no,0,no,semi-furnished,Himachal Pradesh,Shimla,Mall Road,31.1048,77.1734
3500000,2135,3,2,2,no,no,no,no,no,0,no,unfurnished,Maharashtra,Mumbai,Andheri East,19.1136,72.8697
3500000,3036,3,1,2,yes,no,yes,no,no,0,no,semi-furnished,Maharashtra,Pune,Wakad,18.5996,73.7603
3500000,3990,3,1,2,yes,no,no,no,no,0,no,semi-furnished,Karnataka,Bangalore,Whitefield,12.9698,77.75
3500000,7424,3,1,1,no,no,no,no,no,0,no,unfurnished,Delhi,New Delhi,Dwarka,28.5921,77.046
3500000,3480,3,1,1,no,no,no,no,yes,0,no,unfurnished,Telangana,Hyderabad,Gachibowli,17.4401,78.3489
3500000,3600,6,1,2,yes,no,no,no,no,1,no,unfurnished,Tamil Nadu,Chennai,Velachery,12.9756,80.2214
3500000,3640,2,1,1,yes,no,no,no,no,1,no,semi-furnished,West Bengal,Kolkata,Salt Lake,22.5867,88.417
3500000,5900,2,1,1,yes,no,no,no,no,1,no,furnished,Gujarat,Ahmedabad,Navrangpura,23.03,72.58
3500000,3120,3,1,2,yes,no,no,no,no,1,no,unfurnished,Rajasthan,Jaipur,Malviya Nagar,26.853,75.805
3500000,7350,2,1,1,yes,no,no,no,no,1,no,semi-furnished,Madhya Pradesh,Indore,Vijay Nagar,22.7533,75.8937
3500000,3512,2,1,1,yes,no,no,no,no,1,yes,unfurnished,Uttar Pradesh,Noida,Sector 62,28.6304,77.3722
3500000,9500,3,1,2,yes,no,no,no,no,3,yes,unfurnished,Haryana,Gurugram,DLF Phase 3,28.4972,77.088
3500000,5880,2,1,1,yes,no,no,no,no,0,no,unfurnished,Punjab,Chandigarh,Sector 22,30.7333,76.7794
3500000,12944,3,1,1,yes,no,no,no,no,0,no,unfurnished,Uttarakhand,Dehradun,Rajpur Road,30.3256,78.0437
3493000,4900,3,1,2,no,no,no,no,no,0,no,unfurnished,Uttar Pradesh,Lucknow,Gomti Nagar,26.8467,80.9462
3465000,3060,3,1,1,yes,no,no,no,no,0,no,unfurnished,Bihar,Patna,Boring Road,25.5941,85.1376
3465000,5320,2,1,1,yes,no,no,no,no,1,yes,unfurnished,Jharkhand,Ranchi,Morabadi,23.3441,85.3096
3465000,2145,3,1,3,yes,no,no,no,no,0,yes,furnished,Odisha,Bhubaneswar,Patia,20.2961,85.8245
3430000,4000,2,1,1,yes,no,no,no,no,0,no,unfurnished,Andhra Pradesh,Visakhapatnam,MVP Colony,17.6868,83.2185
3430000,3185,2,1,1,yes,no,no,no,no,2,no,unfurnished,Chhattisgarh,Raipur,Shankar Nagar,21.2514,81.6296
3430000,3850,3,1,1,yes,no,no,no,no,0,no,unfurnished,Kerala,Kochi,Kakkanad,9.9312,76.2673
3430000,2145,3,1,3,yes,no,no,no,no,0,yes,furnished,Kerala,Thiruvananthapuram,Technopark,8.5241,76.9366
3430000,2610,3,1,2,yes,no,yes,no,no,0,yes,unfurnished,Tamil Nadu,Coimbatore,RS Puram,11.0168,76.9558
3430000,1950,3,2,2,yes,no,yes,no,no,0,yes,unfurnished,Tamil Nadu,Madurai,Anna Nagar,9.9252,78.1198
3423000,4040,2,1,1,yes,no,no,no,no,0,no,unfurnished,Telangana,Warangal,Hanamkonda,17.9784,79.6002
3395000,4785,3,1,2,yes,yes,yes,no,yes,1,no,furnished,Andhra Pradesh,Vijayawada,Benz Circle,16.5062,80.648
3395000,3450,3,1,1,yes,no,yes,no,no,2,no,unfurnished,Punjab,Ludhiana,Model Town,30.9009,75.8573
3395000,3640,2,1,1,yes,no,no,no,no,0,no,furnished,Assam,Guwahati,Dispur,26.1445,91.7362
3360000,3500,4,1,2,yes,no,no,no,yes,2,no,unfurnished,Jammu & Kashmir,Srinagar,Rajbagh,34.0837,74.7973
3360000,4960,4,1,3,no,no,no,no,no,0,no,semi-furnished,Himachal Pradesh,Shimla,Mall Road,31.1048,77.1734
3360000,4120,2,1,2,yes,no,no,no,no,0,no,unfurnished,Maharashtra,Mumbai,Andheri East,19.1136,72.8697
3360000,4750,2,1,1,yes,no,no,no,no,0,no,unfurnished,Maharashtra,Pune,Wakad,18.5996,73.7603
3360000,3720,2,1,1,no,no,no,no,yes,0,no,unfurnished,Karnataka,Bangalore,Whitefield,12.9698,77.75
3360000,3750,3,1,1,yes,no,no,no,no,0,no,unfurnished,Delhi,New Delhi,Dwarka,28.5921,77.046
3360000,3100,3,1,2,no,no,yes,no,no,0,no,semi-furnished,Telangana,Hyderabad,Gachibowli,17.4401,78.3489
3360000,3185,2,1,1,yes,no,yes,no,no,2,no,furnished,Tamil Nadu,Chennai,Velachery,12.9756,80.2214
3353000,2700,3,1,1,no,no,no,no,no,0,no,furnished,West Bengal,Kolkata,Salt Lake,22.5867,88.417
3332000,2145,3,1,2,yes,no,yes,no,no,0,yes,furnished,Gujarat,Ahmedabad,Navrangpura,23.03,72.58
3325000,4040,2,1,1,yes,no,no,no,no,1,no,unfurnished,Rajasthan,Jaipur,Malviya Nagar,26.853,75.805
3325000,4775,4,1,2,yes,no,no,no,no,0,no,unfurnished,Madhya Pradesh,Indore,Vijay Nagar,22.7533,75.8937
3290000,2500,2,1,1,no,no,no,no,yes,0,no,unfurnished,Uttar Pradesh,Noida,Sector 62,28.6304,77.3722
3290000,3180,4,1,2,yes,no,yes,no,yes,0,no,unfurnished,Haryana,Gurugram,DLF Phase 3,28.4972,77.088
3290000,6060,3,1,1,yes,yes,yes,no,no,0,no,furnished,Punjab,Chandigarh,Sector 22,30.7333,76.7794
3290000,3480,4,1,2,no,no,no,no,no,1,no,semi-furnished,Uttarakhand,Dehradun,Rajpur Road,30.3256,78.0437
3290000,3792,4,1,2,yes,no,no,no,no,0,no,semi-furnished,Uttar Pradesh,Lucknow,Gomti Nagar,26.8467,80.9462
3290000,4040,2,1,1,yes,no,no,no,no,0,no,unfurnished,Bihar,Patna,Boring Road,25.5941,85.1376
3290000,2145,3,1,2,yes,no,yes,no,no,0,yes,furnished,Jharkhand,Ranchi,Morabadi,23.3441,85.3096
3290000,5880,3,1,1,yes,no,no,no,no,1,no,unfurnished,Odisha,Bhubaneswar,Patia,20.2961,85.8245
3255000,4500,2,1,1,no,no,no,no,no,0,no,semi-furnished,Andhra Pradesh,Visakhapatnam,MVP Colony,17.6868,83.2185
3255000,3930,2,1,1,no,no,no,no,no,0,no,unfurnished,Chhattisgarh,Raipur,Shankar Nagar,21.2514,81.6296
3234000,3640,4,1,2,yes,no,yes,no,no,0,no,unfurnished,Kerala,Kochi,Kakkanad,9.9312,76.2673
3220000,4370,3,1,2,yes,no,no,no,no,0,no,unfurnished,Kerala,Thiruvananthapuram,Technopark,8.5241,76.9366
3220000,2684,2,1,1,yes,no,no,no,yes,1,no,unfurnished,Tamil Nadu,Coimbatore,RS Puram,11.0168,76.9558
3220000,4320,3,1,1,no,no,no,no,no,1,no,unfurnished,Tamil Nadu,Madurai,Anna Nagar,9.9252,78.1198
3220000,3120,3,1,2,no,no,no,no,no,0,no,furnished,Telangana,Warangal,Hanamkonda,17.9784,79.6002
3150000,3450,1,1,1,yes,no,no,no,no,0,no,furnished,Andhra Pradesh,Vijayawada,Benz Circle,16.5062,80.648
3150000,3986,2,2,1,no,yes,yes,no,no,1,no,unfurnished,Punjab,Ludhiana,Model Town,30.9009,75.8573
3150000,3500,2,1,1,no,no,yes,no,no,0,no,semi-furnished,Assam,Guwahati,Dispur,26.1445,91.7362
3150000,4095,2,1,1,yes,no,no,no,no,2,no,semi-furnished,Jammu & Kashmir,Srinagar,Rajbagh,34.0837,74.7973
3150000,1650,3,1,2,no,no,yes,no,no,0,no,unfurnished,Himachal Pradesh,Shimla,Mall Road,31.1048,77.1734
3150000,3450,3,1,2,yes,no,yes,no,no,0,no,semi-furnished,Maharashtra,Mumbai,Andheri East,19.1136,72.8697
3150000,6750,2,1,1,yes,no,no,no,no,0,no,semi-furnished,Maharashtra,Pune,Wakad,18.5996,73.7603
3150000,9000,3,1,2,yes,no,no,no,no,2,no,semi-furnished,Karnataka,Bangalore,Whitefield,12.9698,77.75
3150000,3069,2,1,1,yes,no,no,no,no,1,no,unfurnished,Delhi,New Delhi,Dwarka,28.5921,77.046
3143000,4500,3,1,2,yes,no,no,no,yes,0,no,unfurnished,Telangana,Hyderabad,Gachibowli,17.4401,78.3489
3129000,5495,3,1,1,yes,no,yes,no,no,0,no,unfurnished,Tamil Nadu,Chennai,Velachery,12.9756,80.2214
3118850,2398,3,1,1,yes,no,no,no,no,0,yes,semi-furnished,West Bengal,Kolkata,Salt Lake,22.5867,88.417
3115000,3000,3,1,1,no,no,no,no,yes,0,no,unfurnished,Gujarat,Ahmedabad,Navrangpura,23.03,72.58
3115000,3850,3,1,2,yes,no,no,no,no,0,no,unfurnished,Rajasthan,Jaipur,Malviya Nagar,26.853,75.805
3115000,3500,2,1,1,yes,no,no,no,no,0,no,unfurnished,Madhya Pradesh,Indore,Vijay Nagar,22.7533,75.8937
3087000,8100,2,1,1,yes,no,no,no,no,1,no,unfurnished,Uttar Pradesh,Noida,Sector 62,28.6304,77.3722
3080000,4960,2,1,1,yes,no,yes,no,yes,0,no,unfurnished,Haryana,Gurugram,DLF Phase 3,28.4972,77.088
3080000,2160,3,1,2,no,no,yes,no,no,0,no,semi-furnished,Punjab,Chandigarh,Sector 22,30.7333,76.7794
3080000,3090,2,1,1,yes,yes,yes,no,no,0,no,unfurnished,Uttarakhand,Dehradun,Rajpur Road,30.3256,78.0437
3080000,4500,2,1,2,yes,no,no,yes,no,1,no,semi-furnished,Uttar Pradesh,Lucknow,Gomti Nagar,26.8467,80.9462
3045000,3800,2,1,1,yes,no,no,no,no,0,no,unfurnished,Bihar,Patna,Boring Road,25.5941,85.1376
3010000,3090,3,1,2,no,no,no,no,no,0,no,semi-furnished,Jharkhand,Ranchi,Morabadi,23.3441,85.3096
3010000,3240,3,1,2,yes,no,no,no,no,2,no,semi-furnished,Odisha,Bhubaneswar,Patia,20.2961,85.8245
3010000,2835,2,1,1,yes,no,no,no,no,0,no,semi-furnished,Andhra Pradesh,Visakhapatnam,MVP Colony,17.6868,83.2185
3010000,4600,2,1,1,yes,no,no,no,no,0,no,furnished,Chhattisgarh,Raipur,Shankar Nagar,21.2514,81.6296
3010000,5076,3,1,1,no,no,no,no,no,0,no,unfurnished,Kerala,Kochi,Kakkanad,9.9312,76.2673
3010000,3750,3,1,2,yes,no,no,no,no,0,no,unfurnished,Kerala,Thiruvananthapuram,Technopark,8.5241,76.9366
3010000,3630,4,1,2,yes,no,no,no,no,3,no,semi-furnished,Tamil Nadu,Coimbatore,RS Puram,11.0168,76.9558
3003000,8050,2,1,1,yes,no,no,no,no,0,no,unfurnished,Tamil Nadu,Madurai,Anna Nagar,9.9252,78.1198
2975000,4352,4,1,2,no,no,no,no,no,1,no,unfurnished,Telangana,Warangal,Hanamkonda,17.9784,79.6002
2961000,3000,2,1,2,yes,no,no,no,no,0,no,semi-furnished,Andhra Pradesh,Vijayawada,Benz Circle,16.5062,80.648
2940000,5850,3,1,2,yes,no,yes,no,no,1,no,unfurnished,Punjab,Ludhiana,Model Town,30.9009,75.8573
2940000,4960,2,1,1,yes,no,no,no,no,0,no,unfurnished,Assam,Guwahati,Dispur,26.1445,91.7362
2940000,3600,3,1,2,no,no,no,no,no,1,no,unfurnished,Jammu & Kashmir,Srinagar,Rajbagh,34.0837,74.7973
2940000,3660,4,1,2,no,no,no,no,no,0,no,unfurnished,Himachal Pradesh,Shimla,Mall Road,31.1048,77.1734
2940000,3480,3,1,2,no,no,no,no,no,1,no,semi-furnished,Maharashtra,Mumbai,Andheri East,19.1136,72.8697
2940000,2700,2,1,1,no,no,no,no,no,0,no,furnished,Maharashtra,Pune,Wakad,18.5996,73.7603
2940000,3150,3,1,2,no,no,no,no,no,0,no,unfurnished,Karnataka,Bangalore,Whitefield,12.9698,77.75
2940000,6615,3,1,2,yes,no,no,no,no,0,no,semi-furnished,Delhi,New Delhi,Dwarka,28.5921,77.046
2870000,3040,2,1,1,no,no,no,no,no,0,no,unfurnished,Telangana,Hyderabad,Gachibowli,17.4401,78.3489
2870000,3630,2,1,1,yes,no,no,no,no,0,no,unfurnished,Tamil Nadu,Chennai,Velachery,12.9756,80.2214
2870000,6000,2,1,1,yes,no,no,no,no,0,no,semi-furnished,West Bengal,Kolkata,Salt Lake,22.5867,88.417
2870000,5400,4,1,2,yes,no,no,no,no,0,no,unfurnished,Gujarat,Ahmedabad,Navrangpura,23.03,72.58
2852500,5200,4,1,3,yes,no,no,no,no,0,no,unfurnished,Rajasthan,Jaipur,Malviya Nagar,26.853,75.805
2835000,3300,3,1,2,no,no,no,no,no,1,no,semi-furnished,Madhya Pradesh,Indore,Vijay Nagar,22.7533,75.8937
2835000,4350,3,1,2,no,no,no,yes,no,1,no,unfurnished,Uttar Pradesh,Noida,Sector 62,28.6304,77.3722
2835000,2640,2,1,1,no,no,no,no,no,1,no,furnished,Haryana,Gurugram,DLF Phase 3,28.4972,77.088
2800000,2650,3,1,2,yes,no,yes,no,no,1,no,unfurnished,Punjab,Chandigarh,Sector 22,30.7333,76.7794
2800000,3960,3,1,1,yes,no,no,no,no,0,no,furnished,Uttarakhand,Dehradun,Rajpur Road,30.3256,78.0437
2730000,6800,2,1,1,yes,no,no,no,no,0,no,unfurnished,Uttar Pradesh,Lucknow,Gomti Nagar,26.8467,80.9462
2730000,4000,3,1,2,yes,no,no,no,no,1,no,unfurnished,Bihar,Patna,Boring Road,25.5941,85.1376
2695000,4000,2,1,1,yes,no,no,no,no,0,no,unfurnished,Jharkhand,Ranchi,Morabadi,23.3441,85.3096
2660000,3934,2,1,1,yes,no,no,no,no,0,no,unfurnished,Odisha,Bhubaneswar,Patia,20.2961,85.8245
2660000,2000,2,1,2,yes,no,no,no,no,0,no,semi-furnished,Andhra Pradesh,Visakhapatnam,MVP Colony,17.6868,83.2185
2660000,3630,3,3,2,no,yes,no,no,no,0,no,unfurnished,Chhattisgarh,Raipur,Shankar Nagar,21.2514,81.6296
2660000,2800,3,1,1,yes,no,no,no,no,0,no,unfurnished,Kerala,Kochi,Kakkanad,9.9312,76.2673
2660000,2430,3,1,1,no,no,no,no,no,0,no,unfurnished,Kerala,Thiruvananthapuram,Technopark,8.5241,76.9366
2660000,3480,2,1,1,yes,no,no,no,no,1,no,semi-furnished,Tamil Nadu,Coimbatore,RS Puram,11.0168,76.9558
2660000,4000,3,1,1,yes,no,no,no,no,0,no,semi-furnished,Tamil Nadu,Madurai,Anna Nagar,9.9252,78.1198
2653000,3185,2,1,1,yes,no,no,no,yes,0,no,unfurnished,Telangana,Warangal,Hanamkonda,17.9784,79.6002
2653000,4000,3,1,2,yes,no,no,no,yes,0,no,unfurnished,Andhra Pradesh,Vijayawada,Benz Circle,16.5062,80.648
2604000,2910,2,1,1,no,no,no,no,no,0,no,unfurnished,Punjab,Ludhiana,Model Town,30.9009,75.8573
2590000,3600,2,1,1,yes,no,no,no,no,0,no,unfurnished,Assam,Guwahati,Dispur,26.1445,91.7362
2590000,4400,2,1,1,yes,no,no,no,no,0,no,unfurnished,Jammu & Kashmir,Srinagar,Rajbagh,34.0837,74.7973
2590000,3600,2,2,2,yes,no,yes,no,no,1,no,furnished,Himachal Pradesh,Shimla,Mall Road,31.1048,77.1734
2520000,2880,3,1,1,no,no,no,no,no,0,no,unfurnished,Maharashtra,Mumbai,Andheri East,19.1136,72.8697
2520000,3180,3,1,1,no,no,no,no,no,0,no,unfurnished,Maharashtra,Pune,Wakad,18.5996,73.7603
2520000,3000,2,1,2,yes,no,no,no,no,0,no,furnished,Karnataka,Bangalore,Whitefield,12.9698,77.75
2485000,4400,3,1,2,yes,no,no,no,no,0,no,unfurnished,Delhi,New Delhi,Dwarka,28.5921,77.046
2485000,3000,3,1,2,no,no,no,no,no,0,no,semi-furnished,Telangana,Hyderabad,Gachibowli,17.4401,78.3489
2450000,3210,3,1,2,yes,no,yes,no,no,0,no,unfurnished,Tamil Nadu,Chennai,Velachery,12.9756,80.2214
2450000,3240,2,1,1,no,yes,no,no,no,1,no,unfurnished,West Bengal,Kolkata,Salt Lake,22.5867,88.417
2450000,3000,2,1,1,yes,no,no,no,no,1,no,unfurnished,Gujarat,Ahmedabad,Navrangpura,23.03,72.58
2450000,3500,2,1,1,yes,yes,no,no,no,0,no,unfurnished,Rajasthan,Jaipur,Malviya Nagar,26.853,75.805
2450000,4840,2,1,2,yes,no,no,no,no,0,no,unfurnished,Madhya Pradesh,Indore,Vijay Nagar,22.7533,75.8937
2450000,7700,2,1,1,yes,no,no,no,no,0,no,unfurnished,Uttar Pradesh,Noida,Sector 62,28.6304,77.3722
2408000,3635,2,1,1,no,no,no,no,no,0,no,unfurnished,Haryana,Gurugram,DLF Phase 3,28.4972,77.088
2380000,2475,3,1,2,yes,no,no,no,no,0,no,furnished,Punjab,Chandigarh,Sector 22,30.7333,76.7794
2380000,2787,4,2,2,yes,no,no,no,no,0,no,furnished,Uttarakhand,Dehradun,Rajpur Road,30.3256,78.0437
2380000,3264,2,1,1,yes,no,no,no,no,0,no,unfurnished,Uttar Pradesh,Lucknow,Gomti Nagar,26.8467,80.9462
2345000,3640,2,1,1,yes,no,no,no,no,0,no,unfurnished,Bihar,Patna,Boring Road,25.5941,85.1376
2310000,3180,2,1,1,yes,no,no,no,no,0,no,unfurnished,Jharkhand,Ranchi,Morabadi,23.3441,85.3096
2275000,1836,2,1,1,no,no,yes,no,no,0,no,semi-furnished,Odisha,Bhubaneswar,Patia,20.2961,85.8245
2275000,3970,1,1,1,no,no,no,no,no,0,no,unfurnished,Andhra Pradesh,Visakhapatnam,MVP Colony,17.6868,83.2185
2275000,3970,3,1,2,yes,no,yes,no,no,0,no,unfurnished,Chhattisgarh,Raipur,Shankar Nagar,21.2514,81.6296
2240000,1950,3,1,1,no,no,no,yes,no,0,no,unfurnished,Kerala,Kochi,Kakkanad,9.9312,76.2673
2233000,5300,3,1,1,no,no,no,no,yes,0,yes,unfurnished,Kerala,Thiruvananthapuram,Technopark,8.5241,76.9366
2135000,3000,2,1,1,no,no,no,no,no,0,no,unfurnished,Tamil Nadu,Coimbatore,RS Puram,11.0168,76.9558
2100000,2400,3,1,2,yes,no,no,no,no,0,no,unfurnished,Tamil Nadu,Madurai,Anna Nagar,9.9252,78.1198
2100000,3000,4,1,2,yes,no,no,no,no,0,no,unfurnished,Telangana,Warangal,Hanamkonda,17.9784,79.6002
2100000,3360,2,1,1,yes,no,no,no,no,1,no,unfurnished,Andhra Pradesh,Vijayawada,Benz Circle,16.5062,80.648
1960000,3420,5,1,2,no,no,no,no,no,0,no,unfurnished,Punjab,Ludhiana,Model Town,30.9009,75.8573
1890000,1700,3,1,2,yes,no,no,no,no,0,no,unfurnished,Assam,Guwahati,Dispur,26.1445,91.7362
1890000,3649,2,1,1,yes,no,no,no,no,0,no,unfurnished,Jammu & Kashmir,Srinagar,Rajbagh,34.0837,74.7973
1855000,2990,2,1,1,no,no,no,no,no,1,no,unfurnished,Himachal Pradesh,Shimla,Mall Road,31.1048,77.1734
1820000,3000,2,1,1,yes,no,yes,no,no,2,no,unfurnished,Maharashtra,Mumbai,Andheri East,19.1136,72.8697
1767150,2400,3,1,1,no,no,no,no,no,0,no,semi-furnished,Maharashtra,Pune,Wakad,18.5996,73.7603
1750000,3620,2,1,1,yes,no,no,no,no,0,no,unfurnished,Karnataka,Bangalore,Whitefield,12.9698,77.75
1750000,2910,3,1,1,no,no,no,no,no,0,no,furnished,Delhi,New Delhi,Dwarka,28.5921,77.046
1750000,3850,3,1,2,yes,no,no,no,no,0,no,unfurnished,Telangana,Hyderabad,Gachibowli,17.4401,78.3489
